<?xml version="1.0" encoding="UTF-8"?>
<jcr:root xmlns:cq="http://www.day.com/jcr/cq/1.0" xmlns:jcr="http://www.jcp.org/jcr/1.0" xmlns:nt="http://www.jcp.org/jcr/nt/1.0"
    jcr:primaryType="cq:Widget"
    hideLabel="{Boolean}true"
    name="./text"
    useFixedInlineToolbar="{Boolean}true"
    xtype="richtext">
    <rtePlugins jcr:primaryType="nt:unstructured">
        <subsuperscript
            jcr:primaryType="nt:unstructured"
            features="*"/>
        <paraformat
            jcr:primaryType="nt:unstructured"
            features="*">
            <formats jcr:primaryType="cq:WidgetCollection">
                <p
                    jcr:primaryType="nt:unstructured"
                    description="Paragraph"
                    tag="p"/>
                <h2
                    jcr:primaryType="nt:unstructured"
                    description="Header 2"
                    tag="h2"/>
                <h3
                    jcr:primaryType="nt:unstructured"
                    description="Header 3"
                    tag="h3"/>
                <h4
                    jcr:primaryType="nt:unstructured"
                    description="Header 4"
                    tag="h4"/>
            </formats>
        </paraformat>
        <misctools
            jcr:primaryType="nt:unstructured"
            features="specialchars">
            <specialCharsConfig jcr:primaryType="nt:unstructured">
                <chars jcr:primaryType="nt:unstructured">
                    <copyright
                        jcr:primaryType="nt:unstructured"
                        entity="©"/>
                    <trademark
                        jcr:primaryType="nt:unstructured"
                        entity="™"/>
                    <registered
                        jcr:primaryType="nt:unstructured"
                        entity="®"/>
                    <emDash
                        jcr:primaryType="nt:unstructured"
                        entity="—"/>
                    <pound
                        jcr:primaryType="nt:unstructured"
                        entity="£"/>
                    <nbsp
                        jcr:primaryType="nt:unstructured"
                        entity=" "/>
                </chars>
            </specialCharsConfig>
        </misctools>
        <links jcr:primaryType="nt:unstructured">
            <linkDialogConfig
                jcr:primaryType="nt:unstructured"
                height="{Long}316">
                <linkAttributes jcr:primaryType="cq:WidgetCollection">
                    <linkAdvanced
                        jcr:primaryType="cq:Widget"
                        collapsed="{Boolean}true"
                        collapsible="{Boolean}true"
                        inputValue="advanced"
                        name="./linkdialog/cq:adhocLinkTrackingTab"
                        title="Link tracking"
                        xtype="dialogfieldset">
                        <items jcr:primaryType="cq:WidgetCollection">
                            <enable
                                jcr:primaryType="nt:unstructured"
                                attribute="enabletracking"
                                fieldDescription="override analytics framework settings"
                                fieldLabel="Custom link tracking"
                                name="./linkdialog/cq:adhocLinkTrackingEnableTracking"
                                xtype="checkbox">
                                <listeners
                                    jcr:primaryType="nt:unstructured"
                                    check="function(component){var dlg=component.findParentByType('rtelinkdialog');dlg.enableSCFields(component.checked);}"/>
                            </enable>
                            <events
                                jcr:primaryType="nt:unstructured"
                                attribute="adhocevents"
                                fieldDescription="e.g.: event2, event7"
                                fieldLabel="Include SiteCatalyst events"
                                name="./linkdialog/cq:adhocLinkTrackingEvents"
                                xtype="textfield"/>
                            <evars
                                jcr:primaryType="nt:unstructured"
                                attribute="adhocevars"
                                fieldDescription="e.g.: eVar1: pagedata.url, prop4: 'const'"
                                fieldLabel="Include SiteCatalyst variables"
                                name="./linkdialog/cq:adhocLinkTrackingEvars"
                                xtype="textfield"/>
                        </items>
                    </linkAdvanced>
                </linkAttributes>
            </linkDialogConfig>
        </links>
        <edit
            jcr:primaryType="nt:unstructured"
            defaultPasteMode="plaintext"
            features="[cut,copy,paste-plaintext]"
            stripHtmlTags="{Boolean}true"/>
        <spellcheck
            jcr:primaryType="nt:unstructured"
            features="*"/>
        <findreplace
            jcr:primaryType="nt:unstructured"
            features="*"/>
        <undo
            jcr:primaryType="nt:unstructured"
            features="*"/>
        <format
            jcr:primaryType="nt:unstructured"
            features="[bold,italic]"/>
        <lists
            jcr:primaryType="nt:unstructured"
            features="*"/>
        <justify
            jcr:primaryType="nt:unstructured"
            features="*"/>
        <styles
            jcr:primaryType="nt:unstructured"
            features="*">
            <styles jcr:primaryType="cq:WidgetCollection">
                <disclaimer
                    jcr:primaryType="nt:unstructured"
                    cssName="wysiwyg--disclaimer"
                    text="Disclaimer"/>
                <quote
                    jcr:primaryType="nt:unstructured"
                    cssName="pull-quote component"
                    text="Quote"/>
            </styles>
        </styles>
    </rtePlugins>
    <uiSettings jcr:primaryType="nt:unstructured">
        <cui jcr:primaryType="nt:unstructured">
            <inline
                jcr:primaryType="nt:unstructured"
                toolbar="[links#modifylink,links#unlink,format#bold,format#italic,justify#justifyleft,justify#justifycenter,justify#justifyright,lists#unordered,lists#ordered,lists#outdent,lists#indent,fullscreen#start,control#close,control#save]"/>
            <fullscreen
                jcr:primaryType="nt:unstructured"
                toolbar="[links#modifylink,links#unlink,links#anchor,format#bold,format#italic,format#underline,subsuperscript#subscript,subsuperscript#superscript,edit#cut,edit#copy,edit#paste-plaintext,findreplace#find,findreplace#replace,undo#undo,undo#redo,justify#justifyleft,justify#justifycenter,justify#justifyright,lists#unordered,lists#ordered,lists#outdent,lists#indent,spellcheck#checktext,misctools#specialchars,#styles,#paraformat,fullscreen#start,control#close,control#save]">
                <popovers jcr:primaryType="nt:unstructured">
                    <styles
                        jcr:primaryType="nt:unstructured"
                        items="styles:getStyles:styles-pulldown"
                        ref="styles"/>
                    <paraformat
                        jcr:primaryType="nt:unstructured"
                        items="paraformat:getFormats:paraformat-pulldown"
                        ref="paraformat"/>
                </popovers>
            </fullscreen>
        </cui>
    </uiSettings>
</jcr:root>
