<?xml version="1.0" encoding="UTF-8"?>
<jcr:root xmlns:sling="http://sling.apache.org/jcr/sling/1.0" xmlns:cq="http://www.day.com/jcr/cq/1.0" xmlns:jcr="http://www.jcp.org/jcr/1.0" xmlns:nt="http://www.jcp.org/jcr/nt/1.0"
    jcr:primaryType="nt:unstructured"
    jcr:title="Image"
    sling:resourceType="cq/gui/components/authoring/dialog">
    <content
        jcr:primaryType="nt:unstructured"
        sling:resourceType="granite/ui/components/foundation/container">
        <layout
                jcr:primaryType="nt:unstructured"
                sling:resourceType="granite/ui/components/foundation/layouts/tabs"
                type="nav"/>
            <items jcr:primaryType="nt:unstructured">
                <main jcr:primaryType="nt:unstructured"
                      jcr:title="Main"
                      sling:resourceType="granite/ui/components/foundation/container">
                    <layout
                            jcr:primaryType="nt:unstructured"
                            sling:resourceType="granite/ui/components/foundation/layouts/fixedcolumns"/>
                    <items jcr:primaryType="nt:unstructured">
                        <column class="secaFilterDialog"
                                jcr:primaryType="nt:unstructured"
                                sling:resourceType="granite/ui/components/foundation/container">
                            <items jcr:primaryType="nt:unstructured">
                                <type
                                    jcr:primaryType="nt:unstructured"
                                    sling:resourceType="granite/ui/components/foundation/form/select"
                                    fieldLabel="Select a class"
                                    name="./cssClass"
                                    type="select"
                                    xtype="selection">
                                    <items jcr:primaryType="nt:unstructured">
                                            <blackAndWhite jcr:primaryType="nt:unstructured"
                                                     text="Black and White"
                                                     name="./byw"
                                                     value="byw"/>
                                            <sepia jcr:primaryType="nt:unstructured"
                                                     text="Sepia"
                                                     name="./sepia"
                                                     value="sepia"/>
                                    </items>
                                </type>
                            </items>
                        </column>
                    </items>
                </main>
            </items>
    </content>
</jcr:root>
