<?xml version="1.0" encoding="UTF-8"?>
<jcr:root xmlns:sling="http://sling.apache.org/jcr/sling/1.0" xmlns:dam="http://www.day.com/dam/1.0" xmlns:cq="http://www.day.com/jcr/cq/1.0" xmlns:jcr="http://www.jcp.org/jcr/1.0" xmlns:nt="http://www.jcp.org/jcr/nt/1.0"
    jcr:primaryType="sling:OrderedFolder">
    <jcr:content
        cq:lastModified="{Date}2016-01-08T12:33:56.364-08:00"
        cq:lastModifiedBy="admin"
        dam:relativePath="we-retail/en/products/apparel/footwear"
        jcr:primaryType="nt:unstructured"
        jcr:title="Footwear"/>
    <Marin.jpg/>
    <Seastar_x0020_Green.jpg/>
    <Seastar_x0020_Red.jpg/>
    <Seastar_x0020_Blue.jpg/>
    <Seastar_x0020_Purple.jpg/>
    <fleet/>
    <sussex/>
    <source/>
    <_x0038_4391210.jpg/>
    <Footwear.jpg/>
</jcr:root>
