<?xml version="1.0" encoding="UTF-8"?>
<jcr:root xmlns:sling="http://sling.apache.org/jcr/sling/1.0" xmlns:dam="http://www.day.com/dam/1.0" xmlns:jcr="http://www.jcp.org/jcr/1.0" xmlns:nt="http://www.jcp.org/jcr/nt/1.0"
    jcr:primaryType="sling:OrderedFolder">
    <jcr:content
        dam:relativePath="we-retail/en/products/apparel/coats"
        jcr:primaryType="nt:unstructured"
        jcr:title="Coats"/>
    <Brooklyn.jpg/>
    <El_x0020_Gordo_x0020_Green.jpg/>
    <Double.jpg/>
    <El_x0020_Gordo_x0020_Purple.jpg/>
    <El_x0020_Gordo_x0020_Red.jpg/>
    <Sonja_x0020_Purple.jpg/>
    <Sleek.jpg/>
    <Sonja_x0020_Green.jpg/>
    <Slopeside.jpg/>
    <Portland.jpg/>
    <Coats_men.jpg/>
    <Coats_women.jpg/>
</jcr:root>
