<?xml version="1.0" encoding="UTF-8"?>
<jcr:root xmlns:sling="http://sling.apache.org/jcr/sling/1.0" xmlns:cq="http://www.day.com/jcr/cq/1.0" xmlns:jcr="http://www.jcp.org/jcr/1.0" xmlns:nt="http://www.jcp.org/jcr/nt/1.0"
          jcr:primaryType="nt:unstructured"
          jcr:title="Image"
          sling:resourceType="cq/gui/components/authoring/dialog"
          helpPath="https://www.adobe.com/go/aem6_3_docs_component_en#Image - HTL">
    <content
            jcr:primaryType="nt:unstructured"
            sling:resourceType="granite/ui/components/foundation/container">
        <layout
                jcr:primaryType="nt:unstructured"
                sling:resourceType="granite/ui/components/foundation/layouts/tabs"
                type="nav"/>
        <items jcr:primaryType="nt:unstructured">
            <image
                    jcr:primaryType="nt:unstructured"
                    jcr:title="Image"
                    sling:resourceType="granite/ui/components/foundation/section">
                <layout
                        jcr:primaryType="nt:unstructured"
                        sling:resourceType="granite/ui/components/foundation/layouts/fixedcolumns"
                        margin="{Boolean}false"/>
                <items jcr:primaryType="nt:unstructured">
                    <column
                            jcr:primaryType="nt:unstructured"
                            sling:resourceType="granite/ui/components/foundation/container">
                        <items jcr:primaryType="nt:unstructured">
                            <file
                                    jcr:primaryType="nt:unstructured"
                                    sling:resourceType="cq/gui/components/authoring/dialog/fileupload"
                                    autoStart="{Boolean}false"
                                    class="cq-droptarget"
                                    fieldLabel="Image asset"
                                    fileNameParameter="./fileName"
                                    fileReferenceParameter="./fileReference"
                                    mimeTypes="[image]"
                                    multiple="{Boolean}false"
                                    name="./file"
                                    title="Upload Image Asset"
                                    uploadUrl="${suffix.path}"
                                    useHTML5="{Boolean}true"/>
                            <title
                                    jcr:primaryType="nt:unstructured"
                                    sling:resourceType="granite/ui/components/foundation/form/textfield"
                                    fieldLabel="Title"
                                    name="./jcr:title"/>
                            <linkURL
                                    jcr:primaryType="nt:unstructured"
                                    sling:resourceType="granite/ui/components/foundation/form/pathbrowser"
                                    fieldLabel="Link to"
                                    name="./linkURL"
                                    rootPath="/content"/>
                            <description
                                    jcr:primaryType="nt:unstructured"
                                    sling:resourceType="granite/ui/components/foundation/form/textarea"
                                    fieldLabel="Description"
                                    name="./jcr:description"/>
                            <size
                                    jcr:primaryType="nt:unstructured"
                                    sling:resourceType="cq/gui/components/authoring/dialog/sizefield"
                                    fieldLabel="Size (px)">
                                <width
                                        jcr:primaryType="nt:unstructured"
                                        sling:resourceType="granite/ui/components/foundation/form/numberfield"
                                        emptyText="Width"
                                        name="./width"/>
                                <height
                                        jcr:primaryType="nt:unstructured"
                                        sling:resourceType="granite/ui/components/foundation/form/numberfield"
                                        emptyText="Height"
                                        name="./height"/>
                            </size>
                            <roundBorder
                                    jcr:primaryType="cq:Widget"
                                    sling:resourceType="granite/ui/components/foundation/form/checkbox"
                                    fieldLabel="Css class(es)"
                                    name="./roundBorder"
                                    text="Round border True"
                                    type="checkbox"
                                    xtype="selection"/>
                        </items>
                    </column>
                </items>
            </image>
        </items>
    </content>
</jcr:root>
