<?xml version="1.0" encoding="UTF-8"?>
<jcr:root xmlns:sling="http://sling.apache.org/jcr/sling/1.0" xmlns:dam="http://www.day.com/dam/1.0" xmlns:jcr="http://www.jcp.org/jcr/1.0" xmlns:nt="http://www.jcp.org/jcr/nt/1.0"
    jcr:primaryType="sling:OrderedFolder">
    <jcr:content
        dam:relativePath="we-retail/en/products/activities"
        jcr:primaryType="nt:unstructured"
        jcr:title="Equipment"/>
    <surfing/>
    <biking/>
    <water-sports/>
    <running/>
    <hiking/>
    <equipment_6.jpg/>
    <equipment_4.jpg/>
    <equipment_3.png/>
    <winter-sports/>
</jcr:root>
