<?xml version="1.0" encoding="UTF-8"?>
<jcr:root xmlns:sling="http://sling.apache.org/jcr/sling/1.0" xmlns:jcr="http://www.jcp.org/jcr/1.0" xmlns:nt="http://www.jcp.org/jcr/nt/1.0"
    jcr:primaryType="sling:OrderedFolder">
    <Hiking-Campaign-Male.jpg/>
    <Hiking-Campaign.jpg/>
    <alpinists-himalayas.jpg/>
    <alpinists-rochefort-ridge.jpg/>
    <camp-summer-night.jpg/>
    <hiker-anapurna.jpg/>
    <hiker-himalayas.jpg/>
    <trekker-ama-dablam.jpg/>
    <trekker-khumbu-valley.jpg/>
    <jcr:content
        jcr:primaryType="nt:unstructured"
        jcr:title="Hiking &amp; Camping"/>
</jcr:root>
