<?xml version="1.0" encoding="UTF-8"?>
<jcr:root xmlns:sling="http://sling.apache.org/jcr/sling/1.0" xmlns:cq="http://www.day.com/jcr/cq/1.0" xmlns:jcr="http://www.jcp.org/jcr/1.0" xmlns:nt="http://www.jcp.org/jcr/nt/1.0"
    jcr:primaryType="nt:unstructured"
    jcr:title="Text Configuration"
    sling:resourceType="cq/gui/components/authoring/dialog">
    <content
        jcr:primaryType="nt:unstructured"
        sling:resourceType="granite/ui/components/coral/foundation/container">
        <items jcr:primaryType="nt:unstructured">
            <plugins
                jcr:primaryType="nt:unstructured"
                sling:resourceType="granite/ui/components/coral/foundation/accordion">
                <items jcr:primaryType="nt:unstructured">
                    <Features
                        jcr:primaryType="nt:unstructured"
                        jcr:title="Features"
                        sling:resourceType="granite/ui/components/coral/foundation/container"
                        maximized="{Boolean}true">
                        <items jcr:primaryType="nt:unstructured">
                            <uppercase
                                jcr:primaryType="nt:unstructured"
                                sling:resourceType="granite/ui/components/foundation/form/checkbox"
                                name="./uppercase"
                                text="Uppercase Title?"
                                value="{Boolean}true"/>
                        </items>
                    </Features>
                </items>
            </plugins>
        </items>
    </content>
</jcr:root>
