<?xml version="1.0" encoding="UTF-8"?>
<jcr:root xmlns:dc="http://purl.org/dc/elements/1.1/" xmlns:sling="http://sling.apache.org/jcr/sling/1.0" xmlns:dam="http://www.day.com/dam/1.0" xmlns:cq="http://www.day.com/jcr/cq/1.0" xmlns:jcr="http://www.jcp.org/jcr/1.0" xmlns:mix="http://www.jcp.org/jcr/mix/1.0" xmlns:nt="http://www.jcp.org/jcr/nt/1.0"
    jcr:isCheckedOut="{Boolean}true"
    jcr:mixinTypes="[mix:referenceable,mix:versionable]"
    jcr:primaryType="dam:Asset"
    jcr:uuid="e2cc5567-13af-4901-aabd-cdefcba8a03a">
    <jcr:content
        cq:name="arctic-surfing-in-lofoten"
        cq:parentPath="/content/dam/we-retail/en/experiences/arctic-surfing-in-lofoten"
        dam:relativePath="we-retail/en/experiences/arctic-surfing-in-lofoten/arctic-surfing-in-lofoten"
        jcr:description="Surfing in Northern Norway"
        jcr:lastModified="{Date}2016-09-12T17:16:55.209+05:30"
        jcr:lastModifiedBy="admin"
        jcr:primaryType="dam:AssetContent"
        jcr:title="Arctic Surfing in Lofoten"
        contentFragment="{Boolean}true">
        <metadata
            dam:extracted="{Date}2016-09-12T17:16:55.037+05:30"
            dam:sha1="5c4f10e08ca51e9d882a4f19e800548f7aac3612"
            dam:size="{Long}5773"
            dc:format="text/html"
            dc:modified="{Date}2016-03-12T16:11:03.153+01:00"
            jcr:lastModified="{Date}2016-03-14T00:53:17.508+01:00"
            jcr:lastModifiedBy="admin"
            jcr:mixinTypes="[cq:Taggable]"
            jcr:primaryType="nt:unstructured"/>
        <related jcr:primaryType="nt:unstructured"/>
    </jcr:content>
    <associated
        jcr:primaryType="nt:unstructured"
        sling:resourceType="sling/collection">
        <sling:members
            jcr:primaryType="nt:unstructured"
            sling:resources="[/content/dam/collections/w/we-retail/en/arctic_surfing_inlofoten]">
            <arctic_surfing_inlofoten
                jcr:primaryType="nt:unstructured"
                sling:resource="/content/dam/collections/w/we-retail/en/arctic_surfing_inlofoten"/>
        </sling:members>
    </associated>
    <model
        jcr:description="A simple fragment, containing one single element and no predefined variations"
        jcr:primaryType="nt:unstructured"
        jcr:title="Simple Fragment"
        precreateElements="{Boolean}true"
        version="{Long}1">
        <elements jcr:primaryType="nt:unstructured">
            <main
                jcr:primaryType="nt:unstructured"
                jcr:title="Main"
                defaultContent=""
                name="main"/>
        </elements>
        <variations jcr:primaryType="nt:unstructured">
            <teaser
                jcr:description=""
                jcr:primaryType="nt:unstructured"
                jcr:title="Teaser"
                name="teaser"/>
        </variations>
    </model>
</jcr:root>
